transaction_id,account_id,customer_id,timestamp,amount,currency,merchant_name,merchant_category,merchant_mcc,transaction_type,payment_channel,city,country,counterparty_iban,label,category,subcategory,is_subscription,is_salary,is_transfer,is_cash_withdrawal,balance_after_transaction
3609af85ea2f466f89d01ac1eb3431e9,A00000001,C0000001,2024-01-01T21:26:41,-1980.03,USD,Cardinal Regional Bank - Mortgage,finance,6012,ach_debit,direct_debit,,US,,LOAN PMT MORTGAGE,finance,mortgage,False,False,False,False,4953.46
27af5a3118b647e09e2ee206bc7b5f06,A00000001,C0000001,2024-01-01T09:22:32,-8.66,USD,Costco,groceries,5411,card_payment,in_store,Chicago,US,,COSTCO,groceries,supermarket,False,False,False,False,4944.8
e9a202dbdef54362b5563fa4522a3343,A00000001,C0000001,2024-01-01T18:45:24,-134.82,USD,Costco,groceries,5411,card_payment_contactless,contactless,Chicago,US,,COSTCO,groceries,supermarket,False,False,False,False,4809.98
860989e43f4a49b2be2ca5bab8d91009,A00000001,C0000001,2024-01-01T17:15:12,-158.25,USD,Best Buy,shopping,5722,card_payment_contactless,contactless,Chicago,US,,BEST BUY,shopping,electronics,False,False,False,False,4651.73
2bdd7dd39e934817a12161d4445fe430,A00000001,C0000001,2024-01-01T21:58:57,-60.01,USD,Local Diner,dining,5812,card_payment_contactless,contactless,Chicago,US,,LOCAL DINER,dining,restaurant,False,False,False,False,4591.72
2ef3a1a79a45431bb996e64817bb53c1,A00000001,C0000001,2024-01-03T18:12:18,-440.53,USD,Cardinal Regional Bank - Auto Loan,finance,6012,ach_debit,direct_debit,,US,,LOAN PMT AUTO LOAN,finance,auto_loan,False,False,False,False,4151.19
5a30c5f74b944a0b964a46129883e4bd,A00000001,C0000001,2024-01-03T20:05:30,-108.32,USD,Dental Associates,health,8021,card_payment_contactless,contactless,Chicago,US,,DENTAL ASSOCIATES,health,dentist,False,False,False,False,4042.87
78b89cf739e24b759518ee7d24c9c94c,A00000001,C0000001,2024-01-03T16:11:04,-41.9,USD,H&M,shopping,5651,card_payment_contactless,contactless,Chicago,US,,H&M,shopping,clothing,False,False,False,False,4000.97
09ea025230f849e19a9ed2d0de98ae55,A00000001,C0000001,2024-01-03T17:43:42,-8.51,USD,Local Bakery,groceries,5462,card_payment,in_store,Chicago,US,,LOCAL BAKERY,groceries,bakery,False,False,False,False,3992.46
42dca7868d5c4e4d9f68a50a55a9852c,A00000001,C0000001,2024-01-04T22:56:22,-1701.8,USD,Realty Partners,housing,6513,ach_debit,direct_debit,,US,,ACH RENT,housing,rent,False,False,False,False,2290.66
13375b3554f840e88a5f39baaa2e360d,A00000001,C0000001,2024-01-04T09:14:59,-48.43,USD,Walmart,groceries,5411,card_payment_online,online,,US,,WALMART,groceries,supermarket,False,False,False,False,2242.23
ca2d4cc76b8045969bd81210141b58bb,A00000001,C0000001,2024-01-04T16:06:00,-72.07,USD,Safeway,groceries,5411,card_payment,in_store,Chicago,US,,SAFEWAY,groceries,supermarket,False,False,False,False,2170.16
d542889898bd412e8c81507c7daee6c1,A00000001,C0000001,2024-01-04T22:54:54,-201.4,USD,Marriott,travel,7011,card_payment_online,online,,US,,MARRIOTT,travel,hotel,False,False,False,False,1968.76
92df3a75abee496e890731ef87631010,A00000001,C0000001,2024-01-04T10:11:54,-112.16,USD,Target,groceries,5411,card_payment_contactless,contactless,Chicago,US,,TARGET #,groceries,supermarket,False,False,False,False,1856.61
6c0120f4eedb431c87f22db7c9bc0f80,A00000001,C0000001,2024-01-04T15:16:45,-11.1,USD,Trader Joe's,groceries,5411,card_payment,in_store,Chicago,US,,TRADER JOE'S,groceries,supermarket,False,False,False,False,1845.51
ff4ce7112d8846d08ed9a04bbfcfe80a,A00000001,C0000001,2024-01-05T15:47:50,-40.12,USD,Etsy,shopping,5699,card_payment_online,online,,US,,ETSY,shopping,ecommerce,False,False,False,False,1805.39
13443d1e56e1484291001f6020f76c52,A00000001,C0000001,2024-01-05T07:17:46,-12.91,USD,SpotHero,transport,7523,card_payment_contactless,contactless,Chicago,US,,SPOTHERO,transport,parking,False,False,False,False,1792.48
a681e16e44aa48b89f862ce9cafa3d34,A00000001,C0000001,2024-01-05T15:17:50,-92.06,USD,Whole Foods,groceries,5411,card_payment_online,online,,US,,WHOLE FOODS,groceries,supermarket,False,False,False,False,1700.42
0ffb8108482642b0a9708c4c58e2d1cc,A00000001,C0000001,2024-01-05T19:30:50,-41.61,USD,Walgreens,health,5912,card_payment,in_store,Chicago,US,,WALGREENS,health,pharmacy,False,False,False,False,1658.8
c05f43b9bb8a4376b4f139ff1b8c6811,A00000001,C0000001,2024-01-05T09:02:10,-107.68,USD,Chevron,transport,5541,card_payment_contactless,contactless,Chicago,US,,CHEVRON,transport,fuel,False,False,False,False,1551.13
c42c7e671477440082fc32966b3e340b,A00000001,C0000001,2024-01-06T16:08:56,-92.69,USD,AT&T,telecom,4814,ach_debit,direct_debit,,US,,AT&T,telecom,mobile,True,False,False,False,1458.44
2c8c309453a4476b8d8807b7e535183d,A00000001,C0000001,2024-01-06T13:00:11,-17.04,USD,McDonald's,dining,5814,card_payment,in_store,Chicago,US,,MCDONALD'S,dining,fast_food,False,False,False,False,1441.4
525fefcde8084b02b64ad84c9f7bb41e,A00000001,C0000001,2024-01-06T17:48:05,-43.0,USD,Aldi,groceries,5411,card_payment,in_store,Chicago,US,,ALDI,groceries,supermarket,False,False,False,False,1398.4
e02f0ebebe6140bd83bbfd4223090cdc,A00000001,C0000001,2024-01-06T08:07:21,-24.22,USD,Uber,transport,4121,card_payment_online,online,,US,,UBER  *TRIP,transport,rideshare,False,False,False,False,1374.18
07d77d6c36e64731ba20bb066fc6badb,A00000001,C0000001,2024-01-06T19:37:10,-6.93,USD,Starbucks,dining,5814,card_payment_online,online,,US,,STARBUCKS,dining,coffee,False,False,False,False,1367.24
b8ccd87d8ca949629f82e1921bd6d2ed,A00000001,C0000001,2024-01-07T10:06:19,-59.91,USD,Amazon,shopping,5942,card_payment_online,online,,US,,AMAZON.COM,shopping,ecommerce,False,False,False,False,1307.33
0785fd3320064157950cec75c14c0c07,A00000001,C0000001,2024-01-07T07:14:17,-205.84,USD,Nike,shopping,5661,card_payment_contactless,contactless,Chicago,US,,NIKE,shopping,footwear,False,False,False,False,1101.49
605bff5cd5ce4a33b69295cf1c6e2122,A00000001,C0000001,2024-01-07T11:36:24,-20.89,USD,7-Eleven,groceries,5411,card_payment,in_store,Chicago,US,,7-ELEVEN,groceries,convenience,False,False,False,False,1080.6
0719463943474988969f421f51f64707,A00000001,C0000001,2024-01-07T09:44:25,-10.75,USD,7-Eleven,groceries,5411,card_payment_contactless,contactless,Chicago,US,,7-ELEVEN,groceries,convenience,False,False,False,False,1069.86
38fd03c6ebf3413ca05e35093b60eadd,A00000001,C0000001,2024-01-07T17:50:38,-8.66,USD,McDonald's,dining,5814,card_payment_contactless,contactless,Chicago,US,,MCDONALD'S,dining,fast_food,False,False,False,False,1061.2
2e721eae229a4b70bf341f5d45969e81,A00000001,C0000001,2024-01-07T14:30:08,-36.96,USD,McDonald's,dining,5814,card_payment_online,online,,US,,MCDONALD'S,dining,fast_food,False,False,False,False,1024.24
953cc991b0c04a18a7b6f111df3613bb,A00000001,C0000001,2024-01-07T10:28:38,-15.44,USD,Safeway,groceries,5411,card_payment,in_store,Chicago,US,,SAFEWAY,groceries,supermarket,False,False,False,False,1008.8
5fd4bda263624a85a29a69aeedb48920,A00000001,C0000001,2024-01-07T14:55:49,-60.0,USD,ATM,finance,6011,atm_withdrawal,atm,Chicago,US,,ATM WITHDRAWAL CHICAGO,finance,atm_withdrawal,False,False,False,True,948.8
fb13c6c19067468b89de9ed47b820ae6,A00000001,C0000001,2024-01-08T19:40:42,-14.35,USD,Trader Joe's,groceries,5411,card_payment,in_store,Chicago,US,,TRADER JOE'S,groceries,supermarket,False,False,False,False,934.46
86d3047f009c4eb888d5c62f16f35e61,A00000001,C0000001,2024-01-08T20:22:35,-27.92,USD,Panera Bread,dining,5814,card_payment,in_store,Chicago,US,,PANERA BREAD,dining,fast_food,False,False,False,False,906.53
7ce39d53b9ef4080a88da4ff10c165a7,A00000001,C0000001,2024-01-08T19:10:42,-33.38,USD,Uber Eats,dining,5812,card_payment_online,online,,US,,UBER *EATS,dining,delivery,False,False,False,False,873.15
e63fc48b585c49b9b87c427cdf7350b4,A00000001,C0000001,2024-01-09T21:22:24,-286.63,USD,Best Buy,shopping,5722,card_payment_contactless,contactless,Chicago,US,,BEST BUY,shopping,electronics,False,False,False,False,586.52
bd6aefd4fc174710b47391da4a58a2ec,A00000001,C0000001,2024-01-09T11:09:10,-45.93,USD,Amazon,shopping,5942,card_payment_online,online,,US,,AMZN MKTP US,shopping,ecommerce,False,False,False,False,540.59
c97122ceb019428fa0465bff25f05210,A00000001,C0000001,2024-01-09T19:25:17,-127.55,USD,Walmart,groceries,5411,card_payment_online,online,,US,,WM SUPERCENTER,groceries,supermarket,False,False,False,False,413.04
553cdc244a32440bb83658ba5f01bcfd,A00000001,C0000001,2024-01-10T15:58:29,-109.8,USD,Delta Air Lines,travel,4511,card_payment_online,online,,US,,DELTA AIR LINES,travel,flight,False,False,False,False,303.24
ecabc90a85fe46cea66a6ba4ea3122c0,A00000001,C0000001,2024-01-10T13:23:19,-23.48,USD,CVS Pharmacy,health,5912,card_payment_contactless,contactless,Chicago,US,,CVS PHARMACY,health,pharmacy,False,False,False,False,279.76
dadf8f1d22e840a796ac89d84197fd2b,A00000001,C0000001,2024-01-11T22:17:39,-100.14,USD,Whole Foods,groceries,5411,card_payment,in_store,Chicago,US,,WHOLE FOODS,groceries,supermarket,False,False,False,False,179.62
fbd00ec147474de897deb963985a97d6,A00000001,C0000001,2024-01-11T15:29:41,-108.42,USD,Safeway,groceries,5411,card_payment_contactless,contactless,Chicago,US,,SAFEWAY,groceries,supermarket,False,False,False,False,71.2
b60e646d23a64f9ca87bf3922e391722,A00000001,C0000001,2024-01-11T15:10:38,-192.83,USD,Dental Associates,health,8021,card_payment,in_store,Chicago,US,,DENTAL ASSOCIATES,health,dentist,False,False,False,False,-121.63
6cc5a505169e4d16be9a0575393789b2,A00000001,C0000001,2024-01-12T08:23:29,-31.6,USD,Uber,transport,4121,card_payment_online,online,,US,,UBER TRIP,transport,rideshare,False,False,False,False,-153.23
28deb45f633d407f93bbc313aa3fe661,A00000001,C0000001,2024-01-12T20:02:37,-10.72,USD,Costco,groceries,5411,card_payment,in_store,Chicago,US,,COSTCO,groceries,supermarket,False,False,False,False,-163.95
8d5aa906f3c04b57b142b9335b72cf01,A00000001,C0000001,2024-01-12T10:42:27,-170.81,USD,Costco,groceries,5411,card_payment,in_store,Chicago,US,,COSTCO,groceries,supermarket,False,False,False,False,-334.76
e103cbb6299048f6b2cb56af5d8b49b3,A00000001,C0000001,2024-01-12T08:29:45,-85.57,USD,Shell,transport,5541,card_payment_contactless,contactless,Chicago,US,,SHELL OIL,transport,fuel,False,False,False,False,-420.33
88a5308ba48a4b3a8fec09df0b1c47ed,A00000001,C0000001,2024-01-12T15:56:52,-53.93,USD,Chevron,transport,5541,card_payment,in_store,Chicago,US,,CHEVRON,transport,fuel,False,False,False,False,-474.26
a1cc9a7efbfb46e49f8f32d7855879f7,A00000001,C0000001,2024-01-12T08:34:07,-96.79,USD,ExxonMobil,transport,5541,card_payment_contactless,contactless,Chicago,US,,EXXONMOBIL,transport,fuel,False,False,False,False,-571.05
77b1d42aa6674e1c83d0d2c7dabe46b8,A00000001,C0000001,2024-01-13T16:32:20,-28.7,USD,State Farm,housing,4899,ach_debit,direct_debit,,US,,STATE FARM,housing,home_insurance,True,False,False,False,-599.75
e1851314efad4dd888bda52d7fa31b34,A00000001,C0000001,2024-01-13T18:38:34,-67.65,USD,Target,groceries,5411,card_payment_contactless,contactless,Chicago,US,,TARGET,groceries,supermarket,False,False,False,False,-667.4
f5cf54c56952498bafe81fd356008be6,A00000001,C0000001,2024-01-13T14:41:32,-58.98,USD,Lowe's,shopping,5211,card_payment_online,online,,US,,LOWE'S,shopping,home_improvement,False,False,False,False,-726.38
e33d3471107d40419c6551a97f0e7211,A00000001,C0000001,2024-01-13T16:18:28,-68.72,USD,Macy's,shopping,5651,card_payment_online,online,,US,,MACY'S,shopping,clothing,False,False,False,False,-795.1
738d9ddbfd43430fad9b8b13870004e1,A00000001,C0000001,2024-01-13T12:46:37,-23.04,USD,Chipotle,dining,5814,card_payment_contactless,contactless,Chicago,US,,CHIPOTLE,dining,fast_food,False,False,False,False,-818.14
79498b103d734271a837c778d4114712,A00000001,C0000001,2024-01-13T05:24:30,-79.08,USD,Shell,transport,5541,card_payment_contactless,contactless,Chicago,US,,SHELL SERVICE,transport,fuel,False,False,False,False,-897.21
7d491dca5d5143eca9c154a2ce4c0a31,A00000001,C0000001,2024-01-13T16:29:29,-44.32,USD,Local Diner,dining,5812,card_payment,in_store,Chicago,US,,LOCAL DINER,dining,restaurant,False,False,False,False,-941.53
c537a0575c6543ef8eebf344c3904cb9,A00000001,C0000001,2024-01-14T10:09:01,-28.17,USD,Chipotle,dining,5814,card_payment,in_store,Chicago,US,,CHIPOTLE,dining,fast_food,False,False,False,False,-969.71
59a95a13d0a1423bb42a0f9466886fb7,A00000001,C0000001,2024-01-14T17:30:17,-60.09,USD,Kroger,groceries,5411,card_payment_contactless,contactless,Chicago,US,,KROGER,groceries,supermarket,False,False,False,False,-1029.8
a06380dd140e414bb69574c1561e1c00,A00000001,C0000001,2024-01-14T10:04:40,-16.52,USD,Chick-fil-A,dining,5814,card_payment_online,online,,US,,CHICK-FIL-A,dining,fast_food,False,False,False,False,-1046.32
f8fcca8313c24f83a8e21f864dc843af,A00000001,C0000001,2024-01-14T06:51:33,-80.0,USD,ATM,finance,6011,atm_withdrawal,atm,Chicago,US,,ATM WITHDRAWAL CHICAGO,finance,atm_withdrawal,False,False,False,True,-1126.32
4f37211ee27a435589ad13f8e52b5eed,A00000001,C0000001,2024-01-15T08:48:25,-12.84,USD,Spotify,subscriptions,4899,ach_debit,direct_debit,,US,,SPOTIFY,subscriptions,streaming_music,True,False,False,False,-1139.16
2b7a268e8b1748d799a0ac960f39af7f,A00000001,C0000001,2024-01-15T17:29:43,-50.0,USD,ATM,finance,6011,atm_withdrawal,atm,Chicago,US,,ATM WITHDRAWAL CHICAGO,finance,atm_withdrawal,False,False,False,True,-1189.16
e104f642340940bcb0d3f31e4173331d,A00000001,C0000001,2024-01-16T18:38:18,-239.72,USD,Costco,groceries,5411,card_payment_contactless,contactless,Chicago,US,,COSTCO,groceries,supermarket,False,False,False,False,-1428.88
9918baccb04d4298be288b59e647e676,A00000001,C0000001,2024-01-16T09:37:20,-62.2,USD,Amazon,shopping,5942,card_payment_online,online,,US,,AMZN MKTP,shopping,ecommerce,False,False,False,False,-1491.08
13bfb6075a944fcc813fa7e1d8e705d5,A00000001,C0000001,2024-01-16T18:58:21,-53.14,USD,Whole Foods,groceries,5411,card_payment_online,online,,US,,WHOLE FOODS,groceries,supermarket,False,False,False,False,-1544.22
1e5cb3a2ddbe4a97b9f236891ca7ffeb,A00000001,C0000001,2024-01-16T19:03:21,-24.6,USD,Cardinal Regional Bank - Overdraft Fee,finance,6012,fee,direct_debit,,US,,OVERDRAFT FEE,finance,overdraft_fee,False,False,False,False,-1568.82
ea5abfd20072406180ab02efc9870169,A00000001,C0000001,2024-01-16T18:41:41,-73.93,USD,Safeway,groceries,5411,card_payment,in_store,Chicago,US,,SAFEWAY,groceries,supermarket,False,False,False,False,-1642.75
f905bb1399aa4b23a3e083f1731c97cf,A00000001,C0000001,2024-01-17T20:46:58,-112.61,USD,Whole Foods,groceries,5411,card_payment_online,online,,US,,WHOLE FOODS,groceries,supermarket,False,False,False,False,-1755.36
b584bf5c559c45cbb7820cf65c1a5c60,A00000001,C0000001,2024-01-17T17:40:28,-51.14,USD,Trader Joe's,groceries,5411,card_payment,in_store,Chicago,US,,TRADER JOE'S,groceries,supermarket,False,False,False,False,-1806.5
c495152a35624956a1765e7c16deb08e,A00000001,C0000001,2024-01-17T12:56:31,-39.3,USD,Uber,transport,4121,card_payment_online,online,,US,,UBER  *TRIP,transport,rideshare,False,False,False,False,-1845.8
99b6ab0c00cf4ed1a0f328cc95cc88b1,A00000001,C0000001,2024-01-18T14:19:44,-53.44,USD,ExxonMobil,transport,5541,card_payment,in_store,Chicago,US,,EXXONMOBIL,transport,fuel,False,False,False,False,-1899.24
50c31e0d86af45edb3555ebcd463d054,A00000001,C0000001,2024-01-18T14:04:34,-15.26,USD,7-Eleven,groceries,5411,card_payment,in_store,Chicago,US,,7-ELEVEN,groceries,convenience,False,False,False,False,-1914.5
389cc27513154cbb8c8f745531568b9b,A00000001,C0000001,2024-01-19T12:42:56,-14.06,USD,Chipotle,dining,5814,card_payment_contactless,contactless,Chicago,US,,CHIPOTLE,dining,fast_food,False,False,False,False,-1928.56
8551b7f4643c497c8b04be90230f35a7,A00000001,C0000001,2024-01-19T12:47:56,-23.8,USD,Cardinal Regional Bank - Overdraft Fee,finance,6012,fee,direct_debit,,US,,OVERDRAFT FEE,finance,overdraft_fee,False,False,False,False,-1928.56
9cc83be629d6471fb3b1e188d803f64d,A00000001,C0000001,2024-01-19T16:43:29,-12.87,USD,McDonald's,dining,5814,card_payment_online,online,,US,,MCDONALD'S,dining,fast_food,False,False,False,False,-1941.43
4075d7f933344f3dab8448b0f4f61df2,A00000001,C0000001,2024-01-20T20:01:01,-2.83,USD,MTA Transit,transport,4111,card_payment_contactless,contactless,Chicago,US,,MTA TRANSIT,transport,transit,False,False,False,False,-1944.26
ec757071ac534053b06a3c117d97a493,A00000001,C0000001,2024-01-26T18:32:45,5894.46,USD,EMPLOYER LLC 624,income,0000,ach_credit,transfer,,US,,DIRECT DEP EMPLOYER LLC 624,income,salary,False,True,False,False,3950.2
f49a6a472c8647c0b8e59bf0a7584f1e,A00000001,C0000001,2024-01-26T07:57:15,-6.08,USD,E-ZPass,transport,4784,card_payment_online,online,,US,,E-ZPASS,transport,tolls,False,False,False,False,3944.12
be6b937fcf3d455a99a161b583ebecba,A00000001,C0000001,2024-01-26T16:54:33,-59.53,USD,Whole Foods,groceries,5411,card_payment,in_store,Chicago,US,,WHOLE FOODS,groceries,supermarket,False,False,False,False,3884.59
4b8db01e61dd4781b58ce8159427d0cc,A00000001,C0000001,2024-01-26T17:06:08,-116.45,USD,Whole Foods,groceries,5411,card_payment_online,online,,US,,WHOLE FOODS,groceries,supermarket,False,False,False,False,3768.14
d48f148df1164f3482fc4ec022aa6b7b,A00000001,C0000001,2024-01-26T15:39:50,-180.74,USD,Walmart,groceries,5411,card_payment_online,online,,US,,WAL MART #,groceries,supermarket,False,False,False,False,3587.4
7022e7bb9e7f415981c05a7e3b46d4a3,A00000001,C0000001,2024-01-27T11:50:12,-16.28,USD,Chipotle,dining,5814,card_payment_contactless,contactless,Chicago,US,,CHIPOTLE,dining,fast_food,False,False,False,False,3571.12
26e25fcae17a49e79927d5923590ce96,A00000001,C0000001,2024-01-27T09:23:50,-137.02,USD,Nike,shopping,5661,card_payment,in_store,Chicago,US,,NIKE,shopping,footwear,False,False,False,False,3434.1
6c949f8af3fc4e0d927cdf23aeb0489b,A00000001,C0000001,2024-01-27T12:40:43,-55.58,USD,DoorDash,dining,5812,card_payment_online,online,,US,,DD *DOORDASH,dining,delivery,False,False,False,False,3378.52
d7d2b51c05374564adab42aeccc3a20e,A00000001,C0000001,2024-01-27T07:20:54,-200.24,USD,Nike,shopping,5661,card_payment_online,online,,US,,NIKE,shopping,footwear,False,False,False,False,3178.27
d4e69c39e5a64fa7a9711708284a4932,A00000001,C0000001,2024-01-27T07:11:12,-268.68,USD,Best Buy,shopping,5722,card_payment_contactless,contactless,Chicago,US,,BEST BUY,shopping,electronics,False,False,False,False,2909.59
5dcf8c406255426695e712d3a6f79e99,A00000001,C0000001,2024-01-28T19:25:18,-39.61,USD,National Grid,utilities,4900,ach_debit,direct_debit,,US,,NATIONAL GRID,utilities,gas,True,False,False,False,2869.98
249d1981221b449ea790a8a348abe26f,A00000001,C0000001,2024-01-28T22:40:49,-144.46,USD,Best Buy,shopping,5722,card_payment_online,online,,US,,BEST BUY,shopping,electronics,False,False,False,False,2725.52
5ca86d7ead804c99b01cd2b997e5481e,A00000001,C0000001,2024-01-28T12:14:16,-8.22,USD,7-Eleven,groceries,5411,card_payment,in_store,Chicago,US,,7-ELEVEN,groceries,convenience,False,False,False,False,2717.3
6cfc4615ce904e19b25b1100f46c430b,A00000001,C0000001,2024-01-28T07:20:22,-53.34,USD,Family Clinic,health,8011,card_payment,in_store,Chicago,US,,FAMILY CLINIC,health,doctor,False,False,False,False,2663.96
b3d3eb1be6b4416eb58ad9ecbab7df60,A00000001,C0000001,2024-01-28T19:30:37,-86.37,USD,Costco Gas,transport,5541,card_payment,in_store,Chicago,US,,COSTCO GAS,transport,fuel,False,False,False,False,2577.59
d1bbbdc606634421a86baea7430dee52,A00000001,C0000001,2024-01-29T18:51:52,-81.64,USD,Walmart,groceries,5411,card_payment_contactless,contactless,Chicago,US,,WAL MART #,groceries,supermarket,False,False,False,False,2495.94
34ef0073eeaf4517a08b94b6e2bbf782,A00000001,C0000001,2024-01-29T07:24:03,-117.29,USD,Safeway,groceries,5411,card_payment,in_store,Chicago,US,,SAFEWAY,groceries,supermarket,False,False,False,False,2378.65
8ad68035f84340f7ae274045c562190e,A00000001,C0000001,2024-01-29T18:27:06,-26.79,USD,7-Eleven,groceries,5411,card_payment,in_store,Chicago,US,,7-ELEVEN,groceries,convenience,False,False,False,False,2351.86
5fa5a006690a470d98bac998068275ee,A00000001,C0000001,2024-01-29T12:48:09,-0.63,USD,SpotHero,transport,7523,card_payment_contactless,contactless,Chicago,US,,SPOTHERO,transport,parking,False,False,False,False,2351.23
6f7956ac984641f38db865a595b5af92,A00000001,C0000001,2024-01-30T17:28:04,-3.95,USD,H&M,shopping,5651,card_payment_online,online,,US,,H&M,shopping,clothing,False,False,False,False,2347.28
a82bb7c5856b46309fb64459660ce931,A00000001,C0000001,2024-01-30T10:16:33,-28.6,USD,Planet Fitness,subscriptions,7997,card_payment,in_store,Chicago,US,,PLANET FITNESS,subscriptions,gym,False,False,False,False,2318.68
fbbb97290eed4e08bef41ae69a80b9be,A00000001,C0000001,2024-01-30T13:07:02,-29.33,USD,Panera Bread,dining,5814,card_payment_online,online,,US,,PANERA BREAD,dining,fast_food,False,False,False,False,2289.35
aef0c99c9c2f4daf866d4d88eedcb213,A00000001,C0000001,2024-01-31T19:06:29,-25.09,USD,DoorDash,dining,5812,card_payment_online,online,,US,,DOORDASH*,dining,delivery,False,False,False,False,2264.26
82467810b1464555bda58418388e5d8c,A00000001,C0000001,2024-02-01T11:15:18,-1980.03,USD,Cardinal Regional Bank - Mortgage,finance,6012,ach_debit,direct_debit,,US,,LOAN PMT MORTGAGE,finance,mortgage,False,False,False,False,284.23
304ef644d073498c8c0778a5ecbec8a5,A00000001,C0000001,2024-02-01T09:08:50,-30.01,USD,Target,groceries,5411,card_payment,in_store,Chicago,US,,TARGET,groceries,supermarket,False,False,False,False,254.21
cfc6f176894148fb918b8edf480d6e62,A00000001,C0000001,2024-02-01T12:54:04,-28.55,USD,Uber,transport,4121,card_payment_online,online,,US,,UBER TRIP,transport,rideshare,False,False,False,False,225.66
9f54644530c04ab59b06a6943f9048ca,A00000001,C0000001,2024-02-01T05:04:25,-150.0,USD,ATM,finance,6011,atm_withdrawal,atm,Chicago,US,,ATM WITHDRAWAL CHICAGO,finance,atm_withdrawal,False,False,False,True,75.66
6f66c2701977470e9f5c69e712714234,A00000001,C0000001,2024-02-02T16:19:25,-71.74,USD,Aldi,groceries,5411,card_payment,in_store,Chicago,US,,ALDI,groceries,supermarket,False,False,False,False,3.92
3b724044087749158f9072464da1b9f5,A00000001,C0000001,2024-02-02T19:23:05,-12.02,USD,Panera Bread,dining,5814,card_payment,in_store,Chicago,US,,PANERA BREAD,dining,fast_food,False,False,False,False,-8.1
c357a80d31944f11ac068fd65b1f1efa,A00000001,C0000001,2024-02-02T02:07:37,-116.31,USD,Costco,groceries,5411,card_payment_contactless,contactless,Chicago,US,,COSTCO,groceries,supermarket,False,False,False,False,-124.4
f04fc727a89f4c0b8fbe1f4476cb1412,A00000001,C0000001,2024-02-02T18:38:26,-49.57,USD,Costco Gas,transport,5541,card_payment_contactless,contactless,Chicago,US,,COSTCO GAS,transport,fuel,False,False,False,False,-173.97
18bd9111de68400298e22e0dfa07007a,A00000001,C0000001,2024-02-03T16:48:11,-440.53,USD,Cardinal Regional Bank - Auto Loan,finance,6012,ach_debit,direct_debit,,US,,LOAN PMT AUTO LOAN,finance,auto_loan,False,False,False,False,-614.5
b73bcabfffce42a3a6311e5f141de279,A00000001,C0000001,2024-02-03T17:14:44,-19.81,USD,McDonald's,dining,5814,card_payment_online,online,,US,,MCDONALD'S,dining,fast_food,False,False,False,False,-634.31
88dae4f94e9a4cb0b15b681821490be3,A00000001,C0000001,2024-02-03T14:26:20,-89.75,USD,Walmart,groceries,5411,card_payment_online,online,,US,,WAL MART #,groceries,supermarket,False,False,False,False,-724.05
1a23ecd3279541c5a34d809a8fad056a,A00000001,C0000001,2024-02-03T11:21:57,-123.56,USD,Target,groceries,5411,card_payment,in_store,Chicago,US,,TARGET T-,groceries,supermarket,False,False,False,False,-847.61
7d38b121cae24808b325615fa43e9c65,A00000001,C0000001,2024-02-03T18:56:08,-60.0,USD,ATM,finance,6011,atm_withdrawal,atm,Chicago,US,,ATM WITHDRAWAL CHICAGO,finance,atm_withdrawal,False,False,False,True,-907.61
868e3997f00048cfbd7afc50c913d3c1,A00000001,C0000001,2024-02-04T19:57:23,-20.0,USD,Cardinal Regional Bank - Returned Item,finance,6012,fee,direct_debit,,US,,NSF FEE RENT,finance,overdraft_fee,False,False,False,False,-927.61
29aa750380694d86979e6f6ed144d31a,A00000001,C0000001,2024-02-04T08:13:09,-20.8,USD,Trader Joe's,groceries,5411,card_payment_contactless,contactless,Chicago,US,,TRADER JOE'S,groceries,supermarket,False,False,False,False,-948.41
d7162f0a3bf54dc2927d6b9525188692,A00000001,C0000001,2024-02-04T21:01:46,-0.63,USD,Starbucks,dining,5814,card_payment_online,online,,US,,STARBUCKS #,dining,coffee,False,False,False,False,-949.04
e7eff6e6c6474008ae035a02e8c36957,A00000001,C0000001,2024-02-04T11:47:38,-114.18,USD,Kroger,groceries,5411,card_payment_contactless,contactless,Chicago,US,,KROGER,groceries,supermarket,False,False,False,False,-1063.23
f6ae2c2cfcac49ceb8c8d2cefb805b74,A00000001,C0000001,2024-02-05T17:16:10,-58.35,USD,CVS Pharmacy,health,5912,card_payment,in_store,Chicago,US,,CVS PHARMACY,health,pharmacy,False,False,False,False,-1121.58
ce2ab48049fe40df9b26fe457d6a4778,A00000001,C0000001,2024-02-05T15:09:44,-166.12,USD,Best Buy,shopping,5722,card_payment_online,online,,US,,BEST BUY,shopping,electronics,False,False,False,False,-1287.69
8a8713a884f842fa9428a92247cada24,A00000001,C0000001,2024-02-05T14:44:15,-6.97,USD,Local Bakery,groceries,5462,card_payment,in_store,Chicago,US,,LOCAL BAKERY,groceries,bakery,False,False,False,False,-1294.66
5f942f8a12d847ad8a6bfcb29ba14da6,A00000001,C0000001,2024-02-06T07:08:48,-92.69,USD,AT&T,telecom,4814,ach_debit,direct_debit,,US,,AT&T,telecom,mobile,True,False,False,False,-1387.35
2dd851a220e5482db4a19b9eb9d2fc3d,A00000001,C0000001,2024-02-06T19:40:17,-122.46,USD,Amazon,shopping,5942,card_payment_online,online,,US,,AMAZON.COM,shopping,ecommerce,False,False,False,False,-1509.82
b179f2658e654392aa634fec3dc2b777,A00000001,C0000001,2024-02-06T20:34:15,-213.69,USD,Best Buy,shopping,5722,card_payment_contactless,contactless,Chicago,US,,BEST BUY,shopping,electronics,False,False,False,False,-1723.51
9afd3f5d67404d93905d035cd785d2a6,A00000001,C0000001,2024-02-07T12:45:14,-42.95,USD,Nike,shopping,5661,card_payment_online,online,,US,,NIKE,shopping,footwear,False,False,False,False,-1766.46
e2b8f8cd618242549ef8980f6436c7bc,A00000001,C0000001,2024-02-07T10:32:04,-2.69,USD,MTA Transit,transport,4111,card_payment_contactless,contactless,Chicago,US,,MTA TRANSIT,transport,transit,False,False,False,False,-1769.15
d9a1768ac1e247d9bb4be0fcfe3b7dc7,A00000001,C0000001,2024-02-07T21:42:37,-17.59,USD,Disney+,subscriptions,4899,card_payment_online,online,,US,,DISNEY+,subscriptions,streaming_video,False,False,False,False,-1786.74
0026c4f6b89940dd968d5c79357f8720,A00000001,C0000001,2024-02-07T13:51:38,-28.56,USD,Planet Fitness,subscriptions,7997,card_payment,in_store,Chicago,US,,PLANET FITNESS,subscriptions,gym,False,False,False,False,-1815.31
8addf9027de74a9ab04332d2429330b5,A00000001,C0000001,2024-02-07T14:34:03,-22.85,USD,Chipotle,dining,5814,card_payment_online,online,,US,,CHIPOTLE,dining,fast_food,False,False,False,False,-1838.16
f5b27379a9ef46dab6cf08a28a1bd12c,A00000001,C0000001,2024-02-07T09:57:58,-100.0,USD,ATM,finance,6011,atm_withdrawal,atm,Chicago,US,,ATM WITHDRAWAL CHICAGO,finance,atm_withdrawal,False,False,False,True,-1938.16
ea255d60069248d5b73c5b18661c3f92,A00000001,C0000001,2024-02-10T20:50:43,-0.63,USD,eBay,shopping,5942,card_payment_online,online,,US,,EBAY,shopping,ecommerce,False,False,False,False,-1938.79
2740f3e7e9b04c32b83ce15ce3dcb83b,A00000001,C0000001,2024-02-10T20:55:43,-10.52,USD,Cardinal Regional Bank - Overdraft Fee,finance,6012,fee,direct_debit,,US,,OVERDRAFT FEE,finance,overdraft_fee,False,False,False,False,-1949.31
e8ead9393c7949778388c4e380ccfd9f,A00000001,C0000001,2024-02-13T16:46:50,-18.0,USD,Cardinal Regional Bank - Returned Item,finance,6012,fee,direct_debit,,US,,NSF FEE STATE FARM,finance,overdraft_fee,False,False,False,False,-1949.31
1458b1f250174e9bb8a060a2a6ad5004,A00000001,C0000001,2024-02-13T11:14:37,-18.0,USD,Cardinal Regional Bank - Returned Item,finance,6012,fee,direct_debit,,US,,NSF FEE CITY WATER DEPT,finance,overdraft_fee,False,False,False,False,-1949.31
1b97a5f04fb34be4be24026730e1300e,A00000001,C0000001,2024-02-15T15:48:18,-18.0,USD,Cardinal Regional Bank - Returned Item,finance,6012,fee,direct_debit,,US,,NSF FEE SPOTIFY,finance,overdraft_fee,False,False,False,False,-1949.31
40294dcc94644eb5a2903767b72f9a07,A00000001,C0000001,2024-02-23T17:19:43,-18.0,USD,Cardinal Regional Bank - Returned Item,finance,6012,fee,direct_debit,,US,,NSF FEE GEICO AUTO,finance,overdraft_fee,False,False,False,False,-1949.31
e8157da25db7429394b4acd5b75bc804,A00000001,C0000001,2024-02-26T09:54:15,6212.35,USD,EMPLOYER LLC 624,income,0000,ach_credit,transfer,,US,,DIRECT DEP EMPLOYER LLC 624,income,salary,False,True,False,False,4263.05
7407f855f9044a42935b412b50cea5e1,A00000001,C0000001,2024-02-26T18:30:15,-38.0,USD,ExxonMobil,transport,5541,card_payment_contactless,contactless,Chicago,US,,EXXONMOBIL,transport,fuel,False,False,False,False,4225.04
e12e915fb17d4219b5a47cf6a0dfb7d1,A00000001,C0000001,2024-02-26T17:34:11,-86.17,USD,Kroger,groceries,5411,card_payment,in_store,Chicago,US,,KROGER,groceries,supermarket,False,False,False,False,4138.87
93257053733344ccac3d22041356ce1d,A00000001,C0000001,2024-02-26T08:40:57,-86.17,USD,Macy's,shopping,5651,card_payment_contactless,contactless,Chicago,US,,MACY'S,shopping,clothing,False,False,False,False,4052.7
b81f64eb85be4744b729ba8231f49478,A00000001,C0000001,2024-02-27T18:28:25,-34.13,USD,Local Diner,dining,5812,card_payment_contactless,contactless,Chicago,US,,LOCAL DINER,dining,restaurant,False,False,False,False,4018.57
28516a682dfa406d91429c9265b7a03a,A00000001,C0000001,2024-02-27T20:55:43,-11.74,USD,Kroger,groceries,5411,card_payment_contactless,contactless,Chicago,US,,KROGER,groceries,supermarket,False,False,False,False,4006.83
2dac5aa5e9fa48daabee28460874c1f2,A00000001,C0000001,2024-02-28T21:02:45,-39.61,USD,National Grid,utilities,4900,ach_debit,direct_debit,,US,,NATIONAL GRID,utilities,gas,True,False,False,False,3967.22
02887cd9417644a7807d20d7a8a6e8a2,A00000001,C0000001,2024-02-28T07:09:17,-160.24,USD,IKEA,shopping,5712,card_payment_online,online,,US,,IKEA,shopping,home_decor,False,False,False,False,3806.98
01b69c783a7b4ea09e81fedd5564b043,A00000001,C0000001,2024-02-28T18:35:40,-94.7,USD,Walmart,groceries,5411,card_payment,in_store,Chicago,US,,WM SUPERCENTER,groceries,supermarket,False,False,False,False,3712.28
dda5b6c847b84a8ea2dccdca5eac2d0b,A00000001,C0000001,2024-02-28T20:36:47,-41.73,USD,Amazon,shopping,5942,card_payment_online,online,,US,,AMAZON.COM,shopping,ecommerce,False,False,False,False,3670.55
4774659c254f445382c36e8e37986b28,A00000001,C0000001,2024-02-28T12:17:40,-80.3,USD,Chevron,transport,5541,card_payment_contactless,contactless,Chicago,US,,CHEVRON,transport,fuel,False,False,False,False,3590.25
0f902210f6e14e63950e8f5a33bc011e,A00000001,C0000001,2024-02-29T13:52:42,-53.08,USD,Walmart,groceries,5411,card_payment_online,online,,US,,WAL MART #,groceries,supermarket,False,False,False,False,3537.18
6750d6fa16fc4ff5b4a5fe97563d19d2,A00000001,C0000001,2024-02-29T17:24:11,-0.63,USD,Kroger,groceries,5411,card_payment,in_store,Chicago,US,,KROGER,groceries,supermarket,False,False,False,False,3536.55
7a1e42f2cf8c4362bfd41db19fb849f3,A00000001,C0000001,2024-03-01T10:08:19,-1980.03,USD,Cardinal Regional Bank - Mortgage,finance,6012,ach_debit,direct_debit,,US,,LOAN PMT MORTGAGE,finance,mortgage,False,False,False,False,1556.52
bd032ccb42cd41e480c66aa22bd305f4,A00000001,C0000001,2024-03-01T19:44:34,-66.54,USD,Aldi,groceries,5411,card_payment,in_store,Chicago,US,,ALDI,groceries,supermarket,False,False,False,False,1489.98
859e5b3585394366abc3e67033d67d32,A00000001,C0000001,2024-03-01T12:43:01,-184.59,USD,Costco,groceries,5411,card_payment_contactless,contactless,Chicago,US,,COSTCO,groceries,supermarket,False,False,False,False,1305.39
6380ba0048b442af82f347115173c822,A00000001,C0000001,2024-03-01T12:16:13,-60.0,USD,ATM,finance,6011,atm_withdrawal,atm,Chicago,US,,ATM WITHDRAWAL CHICAGO,finance,atm_withdrawal,False,False,False,True,1245.39
88f08e50cf8a42deab14e42a2fe3e201,A00000001,C0000001,2024-03-02T07:52:45,-61.52,USD,Home Depot,shopping,5211,card_payment_contactless,contactless,Chicago,US,,HOME DEPOT,shopping,home_improvement,False,False,False,False,1183.87
2f51a9134eb04bd787edf3f50abbfdd7,A00000001,C0000001,2024-03-02T12:53:16,-28.09,USD,SpotHero,transport,7523,card_payment_contactless,contactless,Chicago,US,,SPOTHERO,transport,parking,False,False,False,False,1155.78
c339605c133846a3bf6f0d4ac2fbb520,A00000001,C0000001,2024-03-02T11:29:45,-96.98,USD,Costco,groceries,5411,card_payment,in_store,Chicago,US,,COSTCO,groceries,supermarket,False,False,False,False,1058.8
bf8868f4b00b436b8b20444d26eee1b8,A00000001,C0000001,2024-03-02T13:15:58,-118.07,USD,Kroger,groceries,5411,card_payment_contactless,contactless,Chicago,US,,KROGER,groceries,supermarket,False,False,False,False,940.73
f5449d5f7025455c811738887df98599,A00000001,C0000001,2024-03-03T20:41:38,-440.53,USD,Cardinal Regional Bank - Auto Loan,finance,6012,ach_debit,direct_debit,,US,,LOAN PMT AUTO LOAN,finance,auto_loan,False,False,False,False,500.2
a2efeda265504d2a9fec203a43fc023a,A00000001,C0000001,2024-03-03T16:04:46,-131.71,USD,Whole Foods,groceries,5411,card_payment,in_store,Chicago,US,,WHOLE FOODS,groceries,supermarket,False,False,False,False,368.48
655329fad90248bd96cf9677a94fb0d2,A00000001,C0000001,2024-03-03T09:23:10,-6.44,USD,Starbucks,dining,5814,card_payment_online,online,,US,,STARBUCKS #,dining,coffee,False,False,False,False,362.04
0a4966aa26674f6b9bfba196f563c23c,A00000001,C0000001,2024-03-03T06:29:13,-19.06,USD,Local Bakery,groceries,5462,card_payment_contactless,contactless,Chicago,US,,LOCAL BAKERY,groceries,bakery,False,False,False,False,342.98
b9f95d8d51e2425aa9fd2da4b7bbda79,A00000001,C0000001,2024-03-03T08:13:33,-69.69,USD,Aldi,groceries,5411,card_payment_contactless,contactless,Chicago,US,,ALDI,groceries,supermarket,False,False,False,False,273.29
c8d7afde07ed4c76a8d4e702fb055eb8,A00000001,C0000001,2024-03-03T19:50:49,-13.28,USD,Chick-fil-A,dining,5814,card_payment_online,online,,US,,CHICK-FIL-A,dining,fast_food,False,False,False,False,260.01
95c3b75a19604855954ce8fd7447d8a6,A00000001,C0000001,2024-03-04T08:22:11,-1701.8,USD,Property Mgmt LLC,housing,6513,ach_debit,direct_debit,,US,,ACH RENT,housing,rent,False,False,False,False,-1441.78
4167595958fb4e44a9130222d035a715,A00000001,C0000001,2024-03-04T21:22:58,-105.2,USD,H&M,shopping,5651,card_payment_online,online,,US,,H&M,shopping,clothing,False,False,False,False,-1546.98
bf2ebafd1d4546799793bd1767095f68,A00000001,C0000001,2024-03-04T21:27:58,-15.76,USD,Cardinal Regional Bank - Overdraft Fee,finance,6012,fee,direct_debit,,US,,OVERDRAFT FEE,finance,overdraft_fee,False,False,False,False,-1562.74
850054ed42de4818aa4e16bcf12ef2b7,A00000001,C0000001,2024-03-05T13:54:19,-2.98,USD,MTA Transit,transport,4111,card_payment_contactless,contactless,Chicago,US,,MTA TRANSIT,transport,transit,False,False,False,False,-1565.72
b81ffadec9df4fbfaecfdf732e23fb39,A00000001,C0000001,2024-03-05T13:59:19,-21.01,USD,Cardinal Regional Bank - Overdraft Fee,finance,6012,fee,direct_debit,,US,,OVERDRAFT FEE,finance,overdraft_fee,False,False,False,False,-1586.73
6bf181f7c29e4b9e9d6c858a2540fb90,A00000001,C0000001,2024-03-05T18:18:26,-23.87,USD,7-Eleven,groceries,5411,card_payment,in_store,Chicago,US,,7-ELEVEN,groceries,convenience,False,False,False,False,-1610.61
bc2fd6ea5f6342dea4976181ad71a20a,A00000001,C0000001,2024-03-05T12:00:36,-2.97,USD,MTA Transit,transport,4111,card_payment_contactless,contactless,Chicago,US,,MTA TRANSIT,transport,transit,False,False,False,False,-1613.58
7be3651be9854d2ea63976f42072e355,A00000001,C0000001,2024-03-05T08:28:19,-17.29,USD,Amazon,shopping,5942,card_payment_online,online,,US,,AMAZON.COM,shopping,ecommerce,False,False,False,False,-1630.87
53ccbb85caee47dd819ca6ca4fabb2f1,A00000001,C0000001,2024-03-05T14:16:20,-149.68,USD,Costco,groceries,5411,card_payment,in_store,Chicago,US,,COSTCO,groceries,supermarket,False,False,False,False,-1780.55
4cc70bfe2165453da8f4025214f22810,A00000001,C0000001,2024-03-05T14:21:20,-24.73,USD,Cardinal Regional Bank - Overdraft Fee,finance,6012,fee,direct_debit,,US,,OVERDRAFT FEE,finance,overdraft_fee,False,False,False,False,-1805.28
0f9dfc54e35d4855affeb74815061bfc,A00000001,C0000001,2024-03-05T17:26:02,-80.0,USD,ATM,finance,6011,atm_withdrawal,atm,Chicago,US,,ATM WITHDRAWAL CHICAGO,finance,atm_withdrawal,False,False,False,True,-1885.28
39710d7c9495406c89e539ebd82f1dce,A00000001,C0000001,2024-03-06T12:19:57,-18.0,USD,Cardinal Regional Bank - Returned Item,finance,6012,fee,direct_debit,,US,,NSF FEE AT&T,finance,overdraft_fee,False,False,False,False,-1903.28
bcf32c82a4454c3bb4bfb36067a91ef3,A00000001,C0000001,2024-03-06T10:38:38,-15.89,USD,Uber,transport,4121,card_payment_online,online,,US,,UBER TRIP,transport,rideshare,False,False,False,False,-1919.17
681233291b814d9690bcf56c7d189b88,A00000001,C0000001,2024-03-08T13:33:13,-6.48,USD,Local Bakery,groceries,5462,card_payment_contactless,contactless,Chicago,US,,LOCAL BAKERY,groceries,bakery,False,False,False,False,-1925.65
145aeedf93314628b6310952025b01a0,A00000001,C0000001,2024-03-09T07:46:16,-2.99,USD,MTA Transit,transport,4111,card_payment_contactless,contactless,Chicago,US,,MTA TRANSIT,transport,transit,False,False,False,False,-1928.65
25e75a593d014363b49800ddb44b4d6d,A00000001,C0000001,2024-03-09T17:34:07,-10.52,USD,E-ZPass,transport,4784,card_payment_online,online,,US,,E-ZPASS,transport,tolls,False,False,False,False,-1939.16
0f96ed205132423fb6fd1619a4d12683,A00000001,C0000001,2024-03-10T08:55:27,-4.01,USD,MTA Transit,transport,4111,card_payment_contactless,contactless,Chicago,US,,MTA TRANSIT,transport,transit,False,False,False,False,-1943.18
7c9b2403694549ddb5f66deaf3c62e2b,A00000001,C0000001,2024-03-13T19:24:43,-18.0,USD,Cardinal Regional Bank - Returned Item,finance,6012,fee,direct_debit,,US,,NSF FEE STATE FARM,finance,overdraft_fee,False,False,False,False,-1943.18
333d7903daf9498e89add789ac467388,A00000001,C0000001,2024-03-14T15:45:39,-6.74,USD,McDonald's,dining,5814,card_payment_online,online,,US,,MCDONALD'S,dining,fast_food,False,False,False,False,-1949.92
0e67f9edf5fb4927878df5a6708da4bb,A00000001,C0000001,2024-03-14T15:50:39,-12.99,USD,Cardinal Regional Bank - Overdraft Fee,finance,6012,fee,direct_debit,,US,,OVERDRAFT FEE,finance,overdraft_fee,False,False,False,False,-1949.92
a335225e0a4b40eb90933fd9b8f714f8,A00000001,C0000001,2024-03-15T17:29:47,-18.0,USD,Cardinal Regional Bank - Returned Item,finance,6012,fee,direct_debit,,US,,NSF FEE SPOTIFY,finance,overdraft_fee,False,False,False,False,-1949.92
8988040cab9f4b44ba1182c1b6ee04e8,A00000001,C0000001,2024-03-23T19:21:40,-18.0,USD,Cardinal Regional Bank - Returned Item,finance,6012,fee,direct_debit,,US,,NSF FEE GEICO AUTO,finance,overdraft_fee,False,False,False,False,-1949.92
8cb621a483e7448f8d82ee91403f3a6e,A00000001,C0000001,2024-03-26T08:51:34,6537.22,USD,EMPLOYER LLC 624,income,0000,ach_credit,transfer,,US,,DIRECT DEP EMPLOYER LLC 624,income,salary,False,True,False,False,4587.3
56a2c20d3e60420297ff838114708a73,A00000001,C0000001,2024-03-26T11:36:21,-51.74,USD,Family Clinic,health,8011,card_payment_contactless,contactless,Chicago,US,,FAMILY CLINIC,health,doctor,False,False,False,False,4535.56
1f5aa9802f7e4e25afd7e69197afce6c,A00000001,C0000001,2024-03-27T14:40:10,-77.9,USD,Costco Gas,transport,5541,card_payment_contactless,contactless,Chicago,US,,COSTCO GAS,transport,fuel,False,False,False,False,4457.65
7dbd2a2d6f7a4fd088e1339cd05973ac,A00000001,C0000001,2024-03-27T17:09:52,-19.32,USD,AMC Theatres,travel,7832,card_payment_contactless,contactless,Chicago,US,,AMC THEATRES,travel,cinema,False,False,False,False,4438.34
eaa331b361064e218257d3f05c4704b8,A00000001,C0000001,2024-03-27T09:51:06,-111.1,USD,ExxonMobil,transport,5541,card_payment_contactless,contactless,Chicago,US,,EXXONMOBIL,transport,fuel,False,False,False,False,4327.24
263f2388548d4ddbaf0cda6b9c9436eb,A00000001,C0000001,2024-03-27T10:24:32,-72.47,USD,Shell,transport,5541,card_payment,in_store,Chicago,US,,SHELL OIL,transport,fuel,False,False,False,False,4254.77
0ac896fe8fad49e1be50ef8f1c44f57f,A00000001,C0000001,2024-03-28T12:22:29,-39.61,USD,National Grid,utilities,4900,ach_debit,direct_debit,,US,,NATIONAL GRID,utilities,gas,True,False,False,False,4215.15
9a48bb091bf54bb0b2e561aff8d52123,A00000001,C0000001,2024-03-28T16:51:27,-191.85,USD,IKEA,shopping,5712,card_payment_online,online,,US,,IKEA,shopping,home_decor,False,False,False,False,4023.31
c09c0566ba994ad9a73bd19f55bf7f61,A00000001,C0000001,2024-03-28T15:20:50,-54.37,USD,Shell,transport,5541,card_payment_contactless,contactless,Chicago,US,,SHELL SERVICE,transport,fuel,False,False,False,False,3968.93
08b68d8c998f4cc2936bff25746a4158,A00000001,C0000001,2024-03-28T12:38:09,-24.58,USD,AMC Theatres,travel,7832,card_payment,in_store,Chicago,US,,AMC THEATRES,travel,cinema,False,False,False,False,3944.36
653e23bb57564cccbbb122a8bd65c2ca,A00000001,C0000001,2024-03-28T11:17:42,-18.08,USD,Chick-fil-A,dining,5814,card_payment_contactless,contactless,Chicago,US,,CHICK-FIL-A,dining,fast_food,False,False,False,False,3926.27
46278b36cc7d44fc804dfd505e22b403,A00000001,C0000001,2024-03-28T08:06:00,-19.62,USD,E-ZPass,transport,4784,card_payment_online,online,,US,,E-ZPASS,transport,tolls,False,False,False,False,3906.66
76ee10a33672472096cd66fc256de93d,A00000001,C0000001,2024-03-29T12:49:37,-93.24,USD,Costco,groceries,5411,card_payment_contactless,contactless,Chicago,US,,COSTCO,groceries,supermarket,False,False,False,False,3813.41
5f2f87b017314ebcaf84d3e7cb9081f0,A00000001,C0000001,2024-03-29T16:35:38,-12.07,USD,Chick-fil-A,dining,5814,card_payment,in_store,Chicago,US,,CHICK-FIL-A,dining,fast_food,False,False,False,False,3801.34
b75ce8d67fbd46c893f7e0f13f05872e,A00000001,C0000001,2024-03-29T19:29:52,-40.43,USD,Uber Eats,dining,5812,card_payment_online,online,,US,,UBER EATS,dining,delivery,False,False,False,False,3760.91
4a66c7215403471fa269fb4972fbc891,A00000001,C0000001,2024-03-29T10:10:11,-75.7,USD,Amazon,shopping,5942,card_payment_online,online,,US,,AMZN MKTP US,shopping,ecommerce,False,False,False,False,3685.21
f4b905beaacc4fbf951a60ba25bf6854,A00000001,C0000001,2024-03-30T18:03:27,-34.64,USD,Aldi,groceries,5411,card_payment,in_store,Chicago,US,,ALDI,groceries,supermarket,False,False,False,False,3650.57
bc8ec33514364304809a9839e143a258,A00000001,C0000001,2024-03-30T10:25:51,-45.88,USD,Olive Garden,dining,5812,card_payment_contactless,contactless,Chicago,US,,OLIVE GARDEN,dining,restaurant,False,False,False,False,3604.69
c5a326a687e64b45b39dfb05d2c6f626,A00000001,C0000001,2024-03-30T12:20:53,-61.13,USD,Uber Eats,dining,5812,card_payment_online,online,,US,,UBER *EATS,dining,delivery,False,False,False,False,3543.56
cc828f4043814cf0b7b28e3f4602621f,A00000001,C0000001,2024-03-31T20:39:57,-4.33,USD,7-Eleven,groceries,5411,card_payment_contactless,contactless,Chicago,US,,7-ELEVEN,groceries,convenience,False,False,False,False,3539.23
5e466f5452924e4085f2b0d90592c637,A00000001,C0000001,2024-03-31T18:07:54,-59.68,USD,Olive Garden,dining,5812,card_payment_contactless,contactless,Chicago,US,,OLIVE GARDEN,dining,restaurant,False,False,False,False,3479.54
237a5ce2439d43cf92effd556fb43811,A00000005,C0000002,2024-01-01T20:30:35,-71.35,USD,Costco Gas,transport,5541,card_payment_contactless,contactless,New York,US,,COSTCO GAS,transport,fuel,False,False,False,False,17878.05
8a773f766acd4ec9819b3c58a1c3b1f5,A00000005,C0000002,2024-01-01T13:45:21,-14.4,USD,E-ZPass,transport,4784,card_payment_online,online,,US,,E-ZPASS,transport,tolls,False,False,False,False,17863.65
aa8bf79bbc38412da0f28cc4a6f39e55,A00000005,C0000002,2024-01-01T19:03:26,-76.7,USD,Macy's,shopping,5651,card_payment_contactless,contactless,New York,US,,MACY'S,shopping,clothing,False,False,False,False,17786.95
fa50edc8326d4b93be9bd330e9f8d731,A00000005,C0000002,2024-01-01T18:06:07,-70.96,USD,Target,groceries,5411,card_payment_contactless,contactless,New York,US,,TARGET,groceries,supermarket,False,False,False,False,17715.99
c4cfcbff2e3f4f09971ed2a229569cc4,A00000005,C0000002,2024-01-01T15:35:20,-100.0,USD,ATM,finance,6011,atm_withdrawal,atm,New York,US,,ATM WITHDRAWAL NEW YORK,finance,atm_withdrawal,False,False,False,True,17615.99
a2f8d21966484710b2a2dc8f323f5363,A00000005,C0000002,2024-01-02T07:55:08,-343.55,USD,Cardinal Regional Bank - Auto Loan,finance,6012,ach_debit,direct_debit,,US,,LOAN PMT AUTO LOAN,finance,auto_loan,False,False,False,False,17272.44
29dad53204d4486c915a40971fcd06ae,A00000005,C0000002,2024-01-02T18:05:28,-144.33,USD,Walmart,groceries,5411,card_payment_online,online,,US,,WAL-MART,groceries,supermarket,False,False,False,False,17128.11
76f26a9f3a1e4cf9979fda0db337ac55,A00000005,C0000002,2024-01-02T10:53:15,-70.43,USD,Trader Joe's,groceries,5411,card_payment,in_store,New York,US,,TRADER JOE'S,groceries,supermarket,False,False,False,False,17057.68
73a89f3875774d06a7913ef6db7b29ea,A00000005,C0000002,2024-01-02T17:32:33,-3.6,USD,MTA Transit,transport,4111,card_payment,in_store,New York,US,,MTA TRANSIT,transport,transit,False,False,False,False,17054.08
564104dc3b4345b488a7043a8ab9a682,A00000005,C0000002,2024-01-02T20:37:45,-140.64,USD,Kroger,groceries,5411,card_payment,in_store,New York,US,,KROGER,groceries,supermarket,False,False,False,False,16913.44
f6e01e7e2d364c5ba3a0f4c2f22c1d8f,A00000005,C0000002,2024-01-02T10:46:42,-276.28,USD,Costco,groceries,5411,card_payment,in_store,New York,US,,COSTCO,groceries,supermarket,False,False,False,False,16637.16
a3b2bf33b76c48e0827c941386457686,A00000005,C0000002,2024-01-03T19:26:39,-2160.71,USD,Realty Partners,housing,6513,ach_debit,direct_debit,,US,,ACH RENT,housing,rent,False,False,False,False,14476.45
0416ca078ab945cfa40f0a72d96d59a9,A00000005,C0000002,2024-01-03T14:49:52,-26.2,USD,Uber,transport,4121,card_payment_online,online,,US,,UBER TRIP,transport,rideshare,False,False,False,False,14450.25
9b8ebf5bb4e9494aadd4b4adae6100d3,A00000005,C0000002,2024-01-04T10:00:55,-28.82,USD,Panera Bread,dining,5814,card_payment_online,online,,US,,PANERA BREAD,dining,fast_food,False,False,False,False,14421.43
a5ba9ce0955e49338050028808defa99,A00000005,C0000002,2024-01-04T18:01:31,-193.38,USD,Best Buy,shopping,5722,card_payment_contactless,contactless,New York,US,,BEST BUY,shopping,electronics,False,False,False,False,14228.05
e999f1c9706042be89ed7d5e00ebefa0,A00000005,C0000002,2024-01-04T21:23:58,-64.76,USD,Amazon,shopping,5942,card_payment_online,online,,US,,AMAZON PRIME,shopping,ecommerce,False,False,False,False,14163.29
776a4380298a441ead21cf6876d39365,A00000005,C0000002,2024-01-05T12:07:41,-119.45,USD,Airbnb,travel,7011,card_payment_online,online,,US,,AIRBNB,travel,airbnb,False,False,False,False,14043.84
5837637128634dc3b7fa868ff3141579,A00000005,C0000002,2024-01-05T19:43:00,-27.84,USD,7-Eleven,groceries,5411,card_payment,in_store,New York,US,,7-ELEVEN,groceries,convenience,False,False,False,False,14016.0
2bac3296d4004106ac3e91dc26b6dfa1,A00000005,C0000002,2024-01-06T21:10:27,-66.09,USD,Chevron,transport,5541,card_payment_contactless,contactless,New York,US,,CHEVRON,transport,fuel,False,False,False,False,13949.91
864a224273fa4862b2afd4b97d924d5b,A00000005,C0000002,2024-01-06T12:03:13,-34.38,USD,E-ZPass,transport,4784,card_payment_online,online,,US,,E-ZPASS,transport,tolls,False,False,False,False,13915.52
06f58c59ed6e45838c98dc8c320cdfaa,A00000005,C0000002,2024-01-06T19:39:44,-198.21,USD,Walmart,groceries,5411,card_payment_contactless,contactless,New York,US,,WAL MART #,groceries,supermarket,False,False,False,False,13717.32
cf30984fd7474284984a833a585a1054,A00000005,C0000002,2024-01-07T12:37:23,-17.81,USD,McDonald's,dining,5814,card_payment_contactless,contactless,New York,US,,MCDONALD'S,dining,fast_food,False,False,False,False,13699.51
d29e0c664ecc431394e3175394ce8017,A00000005,C0000002,2024-01-07T10:50:26,-91.99,USD,Chevron,transport,5541,card_payment_contactless,contactless,New York,US,,CHEVRON,transport,fuel,False,False,False,False,13607.52
42295a32e1f3424795a442cd097e7cc6,A00000005,C0000002,2024-01-08T18:00:53,-15.2,USD,Subway,dining,5814,card_payment,in_store,New York,US,,SUBWAY,dining,fast_food,False,False,False,False,13592.31
ef350f204e66474bab70bfba91c29b38,A00000005,C0000002,2024-01-08T14:16:31,-77.73,USD,Aldi,groceries,5411,card_payment_contactless,contactless,New York,US,,ALDI,groceries,supermarket,False,False,False,False,13514.59
7744ca9912d04619a24e249fffc94851,A00000005,C0000002,2024-01-08T18:56:41,-177.21,USD,Costco,groceries,5411,card_payment,in_store,New York,US,,COSTCO,groceries,supermarket,False,False,False,False,13337.38
e38f0ef94b944d32a4fee481c17630cc,A00000005,C0000002,2024-01-08T16:08:35,-31.42,USD,Aldi,groceries,5411,card_payment,in_store,New York,US,,ALDI,groceries,supermarket,False,False,False,False,13305.96
25c51763a9734640926e0287d8843a45,A00000005,C0000002,2024-01-09T12:26:09,-1534.03,USD,Cardinal Regional Bank - Mortgage,finance,6012,ach_debit,direct_debit,,US,,LOAN PMT MORTGAGE,finance,mortgage,False,False,False,False,11771.93
3cfa29407d33480eafe1bce632e5b01e,A00000005,C0000002,2024-01-09T16:28:55,-30.26,USD,Costco Gas,transport,5541,card_payment_contactless,contactless,New York,US,,COSTCO GAS,transport,fuel,False,False,False,False,11741.67
9d86ce1f250c4707bb71b17c2776b23c,A00000005,C0000002,2024-01-10T19:45:33,-23.46,USD,Target,groceries,5411,card_payment_contactless,contactless,New York,US,,TARGET,groceries,supermarket,False,False,False,False,11718.21
7114df465db7440ea2e36b41d25a8cb4,A00000005,C0000002,2024-01-10T13:13:21,-19.92,USD,McDonald's,dining,5814,card_payment,in_store,New York,US,,MCDONALD'S,dining,fast_food,False,False,False,False,11698.29
0e4fab2c4db74f4ea1f0b46dd505d9be,A00000005,C0000002,2024-01-10T11:02:10,-95.59,USD,Kroger,groceries,5411,card_payment_contactless,contactless,New York,US,,KROGER,groceries,supermarket,False,False,False,False,11602.7
96aac524bacb4eaa8f37694315768f30,A00000005,C0000002,2024-01-10T12:26:34,-115.68,USD,Amazon,shopping,5942,card_payment_online,online,,US,,AMZN MKTP US,shopping,ecommerce,False,False,False,False,11487.02
075a8e3e653047aea446ec9c26662b84,A00000005,C0000002,2024-01-10T13:03:21,-0.72,USD,Apple Store,shopping,5732,card_payment_contactless,contactless,New York,US,,APPLE STORE,shopping,electronics,False,False,False,False,11486.3
540e8fcdb695488889174631233ee424,A00000005,C0000002,2024-01-10T06:42:57,-90.32,USD,Chevron,transport,5541,card_payment,in_store,New York,US,,CHEVRON,transport,fuel,False,False,False,False,11395.98
edc2b114040b425591a8bb4588155fdb,A00000005,C0000002,2024-01-13T09:59:54,-60.77,USD,Lowe's,shopping,5211,card_payment_online,online,,US,,LOWE'S,shopping,home_improvement,False,False,False,False,11335.21
f7f1ec49a3c9421cbca40181c3bca137,A00000005,C0000002,2024-01-13T13:54:25,-0.72,USD,Amazon,shopping,5942,card_payment_online,online,,US,,AMZN MKTP,shopping,ecommerce,False,False,False,False,11334.49
868aab49a1f542559e954b74f043baa9,A00000005,C0000002,2024-01-13T18:30:04,-20.62,USD,McDonald's,dining,5814,card_payment_contactless,contactless,New York,US,,MCDONALD'S,dining,fast_food,False,False,False,False,11313.86
13cad2e9a8b14fa587301eb8168afc21,A00000005,C0000002,2024-01-14T08:36:54,-3.93,USD,MTA Transit,transport,4111,card_payment_contactless,contactless,New York,US,,MTA TRANSIT,transport,transit,False,False,False,False,11309.93
62853c4c456b4c6d96033f99d2b59cda,A00000005,C0000002,2024-01-14T18:58:47,-47.29,USD,DoorDash,dining,5812,card_payment_online,online,,US,,DD *DOORDASH,dining,delivery,False,False,False,False,11262.64
3a77de47dcf24c16871ef990a95e6457,A00000005,C0000002,2024-01-14T11:49:28,-4.25,USD,MTA Transit,transport,4111,card_payment_contactless,contactless,New York,US,,MTA TRANSIT,transport,transit,False,False,False,False,11258.39
ca695d16896a4e77851562149ac12e55,A00000005,C0000002,2024-01-15T20:01:24,-112.44,USD,Kroger,groceries,5411,card_payment,in_store,New York,US,,KROGER,groceries,supermarket,False,False,False,False,11145.95
7037eae6854647a6871647ca485cd8b2,A00000005,C0000002,2024-01-15T13:49:11,-258.37,USD,Airbnb,travel,7011,card_payment_online,online,,US,,AIRBNB,travel,airbnb,False,False,False,False,10887.57
c796e7ebf7a24ca3ade89e529ccbf87d,A00000005,C0000002,2024-01-16T19:17:19,-61.99,USD,Xfinity,telecom,4899,ach_debit,direct_debit,,US,,XFINITY,telecom,internet_fixe,True,False,False,False,10825.58
86102ac033d84cfa9d4a086e97acba45,A00000005,C0000002,2024-01-16T17:01:33,-40.76,USD,State Farm,housing,4899,ach_debit,direct_debit,,US,,STATE FARM,housing,home_insurance,True,False,False,False,10784.83
cce90469c7fc4d699f832a487e0c1192,A00000005,C0000002,2024-01-16T12:22:13,-190.6,USD,Amtrak,travel,4112,card_payment_online,online,,US,,AMTRAK,travel,train,False,False,False,False,10594.22
7ecc26ac9b4848768ca9e7e071d48fca,A00000005,C0000002,2024-01-16T11:59:33,-191.59,USD,Kroger,groceries,5411,card_payment_contactless,contactless,New York,US,,KROGER,groceries,supermarket,False,False,False,False,10402.63
72c7fdb4e92b4a8ba17d8557daf38527,A00000005,C0000002,2024-01-16T18:37:45,-9.89,USD,Target,groceries,5411,card_payment_online,online,,US,,TARGET T-,groceries,supermarket,False,False,False,False,10392.75
1b8fc5491a4543dbb827f4f1f6135f57,A00000005,C0000002,2024-01-16T20:46:06,-86.59,USD,ExxonMobil,transport,5541,card_payment_contactless,contactless,New York,US,,EXXONMOBIL,transport,fuel,False,False,False,False,10306.16
3d6d35e731884529b98c5863ab4e1689,A00000005,C0000002,2024-01-16T11:05:36,-27.17,USD,Safeway,groceries,5411,card_payment_contactless,contactless,New York,US,,SAFEWAY,groceries,supermarket,False,False,False,False,10278.99
e46019397e2141b5bdbb107bbeaae12b,A00000005,C0000002,2024-01-17T11:46:44,-17.54,USD,Netflix,subscriptions,4899,ach_debit,direct_debit,,US,,NETFLIX,subscriptions,streaming_video,True,False,False,False,10261.45
928bdbc6e0e4496ab7a983c19f550f68,A00000005,C0000002,2024-01-17T22:37:19,-16.4,USD,Subway,dining,5814,card_payment,in_store,New York,US,,SUBWAY,dining,fast_food,False,False,False,False,10245.05
42a66f1218664d55b9a022b85e0f390e,A00000005,C0000002,2024-01-17T09:02:13,-16.01,USD,DoorDash,dining,5812,card_payment_online,online,,US,,DD *DOORDASH,dining,delivery,False,False,False,False,10229.04
a98179df92194bf7bc05be4791bc9f88,A00000005,C0000002,2024-01-18T19:08:45,-0.72,USD,Trader Joe's,groceries,5411,card_payment_contactless,contactless,New York,US,,TRADER JOE'S,groceries,supermarket,False,False,False,False,10228.31
555cfcb90b8a44adaba43894b7799645,A00000005,C0000002,2024-01-18T05:55:20,-84.62,USD,Shell,transport,5541,card_payment_contactless,contactless,New York,US,,SHELL OIL,transport,fuel,False,False,False,False,10143.69
7654e74408204b129d09d771cf0dda0f,A00000005,C0000002,2024-01-19T12:59:30,-108.25,USD,Target,groceries,5411,card_payment_online,online,,US,,TARGET T-,groceries,supermarket,False,False,False,False,10035.44
7b709a2e5f3747fb88407ac3e3758fa6,A00000005,C0000002,2024-01-19T16:25:11,-40.21,USD,Amazon,shopping,5942,card_payment_online,online,,US,,AMAZON PRIME,shopping,ecommerce,False,False,False,False,9995.23
5757e7fcdcf64311a8fdd87883fa8917,A00000005,C0000002,2024-01-19T07:17:27,-29.37,USD,CVS Pharmacy,health,5912,card_payment,in_store,New York,US,,CVS PHARMACY,health,pharmacy,False,False,False,False,9965.86
c186ee628a48407096a9551da88a0e98,A00000005,C0000002,2024-01-20T11:24:25,-16.06,USD,Amazon Prime,subscriptions,4899,ach_debit,direct_debit,,US,,AMAZON PRIME,subscriptions,streaming_video,True,False,False,False,9949.81
7b5c8462ade44721b530ee5a252dc0d1,A00000005,C0000002,2024-01-20T12:00:12,-24.08,USD,Chick-fil-A,dining,5814,card_payment_contactless,contactless,New York,US,,CHICK-FIL-A,dining,fast_food,False,False,False,False,9925.73
b02a75a52f384ce596f128b9c6d3beab,A00000005,C0000002,2024-01-20T22:31:02,-137.92,USD,Macy's,shopping,5651,card_payment_online,online,,US,,MACY'S,shopping,clothing,False,False,False,False,9787.8
08756a6edde04e11aa760e6b0646de51,A00000005,C0000002,2024-01-20T21:27:55,-143.81,USD,Nike,shopping,5661,card_payment,in_store,New York,US,,NIKE,shopping,footwear,False,False,False,False,9644.0
018b246932fa430d997cf8efeb7a10d4,A00000005,C0000002,2024-01-20T08:42:58,-0.72,USD,Best Buy,shopping,5722,card_payment,in_store,New York,US,,BEST BUY,shopping,electronics,False,False,False,False,9643.28
16f251353b3d423e8b9ac0ff9305a9a1,A00000005,C0000002,2024-01-21T18:29:10,-41.03,USD,Amazon,shopping,5942,card_payment_online,online,,US,,AMAZON.COM,shopping,ecommerce,False,False,False,False,9602.24
6562e409206446e78480469cbd9b2ce0,A00000005,C0000002,2024-01-21T16:39:04,-126.95,USD,Booking.com,travel,7011,card_payment_online,online,,US,,BOOKING.COM,travel,hotel,False,False,False,False,9475.29
a3f6a1cd63544d5a9dd1a0001f04a971,A00000005,C0000002,2024-01-21T06:06:08,-40.0,USD,ATM,finance,6011,atm_withdrawal,atm,New York,US,,ATM WITHDRAWAL NEW YORK,finance,atm_withdrawal,False,False,False,True,9435.29
b22314b44d234919ac306849b8932d93,A00000005,C0000002,2024-01-22T11:18:21,-21.65,USD,Amazon Prime,subscriptions,4899,card_payment_online,online,,US,,AMAZON PRIME,subscriptions,streaming_video,False,False,False,False,9413.64
53b7d5f1245a4fa9b7519d69fbdb9e7c,A00000005,C0000002,2024-01-22T17:58:08,-32.81,USD,Uber,transport,4121,card_payment_online,online,,US,,UBER  *TRIP,transport,rideshare,False,False,False,False,9380.83
a48de7a545e94e759ca2ea3ad4255ea6,A00000005,C0000002,2024-01-22T12:25:58,-18.8,USD,Etsy,shopping,5699,card_payment_online,online,,US,,ETSY,shopping,ecommerce,False,False,False,False,9362.03
2af711968cc344bc959ed080f78bbc6b,A00000005,C0000002,2024-01-23T13:26:37,-35.25,USD,7-Eleven,groceries,5411,card_payment_contactless,contactless,New York,US,,7-ELEVEN,groceries,convenience,False,False,False,False,9326.78
367f2618a0874590803707db8acc63d0,A00000005,C0000002,2024-01-24T17:34:56,-24.57,USD,Xbox Game Pass,subscriptions,4899,card_payment_online,online,,US,,XBOX GAME PASS,subscriptions,gaming,False,False,False,False,9302.21
2adb055b83a44af181126cf250cfc7dc,A00000005,C0000002,2024-01-24T19:02:07,-87.14,USD,Chevron,transport,5541,card_payment,in_store,New York,US,,CHEVRON,transport,fuel,False,False,False,False,9215.07
a9e257aed7d24d658508efa1810e57e1,A00000005,C0000002,2024-01-24T17:01:22,-32.01,USD,Target,groceries,5411,card_payment_online,online,,US,,TARGET T-,groceries,supermarket,False,False,False,False,9183.06
693efd209fb1438d8caf440b014faa78,A00000005,C0000002,2024-01-24T07:40:53,-0.72,USD,Lyft,transport,4121,card_payment_online,online,,US,,LYFT,transport,rideshare,False,False,False,False,9182.34
db7bb9b51c654e679ba3fade99f2103e,A00000005,C0000002,2024-01-25T21:49:02,8837.87,USD,EMPLOYER LLC 557,income,0000,ach_credit,transfer,,US,,DIRECT DEP EMPLOYER LLC 557,income,salary,False,True,False,False,18020.21
bb436152dc3447db9d5207815ac0f4cd,A00000005,C0000002,2024-01-25T21:50:02,-1055.31,USD,Transfer to Savings,finance,0000,internal_transfer,transfer,,US,011401533 633817305,XFER TO SAVINGS,finance,internal_transfer,False,False,True,False,16964.9
735342ca5869423bbfc2017c0536e56c,A00000006,C0000002,2024-01-25T21:50:02,1055.31,USD,Transfer from Checking,finance,0000,internal_transfer,transfer,,US,011401533 68072456233,XFER FROM CHK,finance,internal_transfer,False,False,True,False,16094.14
69726dd569d74268ac114ed2d11c3c12,A00000005,C0000002,2024-01-25T10:21:16,-79.87,USD,T-Mobile,telecom,4814,ach_debit,direct_debit,,US,,T-MOBILE,telecom,mobile,True,False,False,False,16885.03
980e3960ff3c40bd9fe000476f3dffb1,A00000005,C0000002,2024-01-25T12:27:16,-21.19,USD,Panera Bread,dining,5814,card_payment_online,online,,US,,PANERA BREAD,dining,fast_food,False,False,False,False,16863.84
115c7e833b05406ba697f01d3e121574,A00000005,C0000002,2024-01-26T14:02:52,-16.27,USD,McDonald's,dining,5814,card_payment_online,online,,US,,MCDONALD'S,dining,fast_food,False,False,False,False,16847.57
b96e0bb5a0fa4bed82cb559886c3fa2e,A00000005,C0000002,2024-01-26T21:52:53,-662.75,USD,Southwest,travel,4511,card_payment_online,online,,US,,SOUTHWEST,travel,flight,False,False,False,False,16184.82
1e3a052b0e1a47c288c42d472a8ad6d6,A00000005,C0000002,2024-01-26T12:06:47,-112.78,USD,Walmart,groceries,5411,card_payment_online,online,,US,,WAL-MART,groceries,supermarket,False,False,False,False,16072.04
3efd732532764839932128c6ba15e30f,A00000005,C0000002,2024-01-26T08:51:33,-80.0,USD,ATM,finance,6011,atm_withdrawal,atm,New York,US,,ATM WITHDRAWAL NEW YORK,finance,atm_withdrawal,False,False,False,True,15992.04
919c8f0dd9f44908884be95f32ad4e60,A00000005,C0000002,2024-01-27T11:27:38,-37.22,USD,National Grid,utilities,4900,ach_debit,direct_debit,,US,,NATIONAL GRID,utilities,gas,True,False,False,False,15954.82
1ab476b80f1a48d8a229b33670ac5418,A00000005,C0000002,2024-01-27T17:08:02,-19.03,USD,Etsy,shopping,5699,card_payment_online,online,,US,,ETSY,shopping,ecommerce,False,False,False,False,15935.78
d690c5d8a4d94f10b2775d5d95c67855,A00000005,C0000002,2024-01-27T12:57:14,-322.21,USD,Booking.com,travel,7011,card_payment_online,online,,US,,BOOKING.COM,travel,hotel,False,False,False,False,15613.57
936b51dcb6bf4e97a6a1b3ba84c44fd6,A00000005,C0000002,2024-01-27T12:35:55,-29.98,USD,DoorDash,dining,5812,card_payment_online,online,,US,,DOORDASH*,dining,delivery,False,False,False,False,15583.6
421a5c6d81794bce91f41112b5ff0678,A00000005,C0000002,2024-01-27T12:38:18,-14.11,USD,Starbucks,dining,5814,card_payment_online,online,,US,,STARBUCKS,dining,coffee,False,False,False,False,15569.49
e2d62b12d2314a41b4a57f28fb63a952,A00000005,C0000002,2024-01-28T09:39:57,-77.13,USD,Blue Cross,health,4899,ach_debit,direct_debit,,US,,BLUE CROSS,health,health_insurance,True,False,False,False,15492.37
37b8804570744c0bbd72e6302a442d9c,A00000005,C0000002,2024-01-28T11:26:37,-17.15,USD,NYTimes,subscriptions,5994,ach_debit,direct_debit,,US,,NYTIMES,subscriptions,news,True,False,False,False,15475.22
90fc088624724009a559fd9a7f4e8650,A00000005,C0000002,2024-01-28T22:16:47,-24.5,USD,Walmart,groceries,5411,card_payment_contactless,contactless,New York,US,,WALMART,groceries,supermarket,False,False,False,False,15450.72
c2a7448728ec45e3a2e3d1ed8d132dad,A00000005,C0000002,2024-01-28T13:27:03,-15.28,USD,DoorDash,dining,5812,card_payment_online,online,,US,,DOORDASH*,dining,delivery,False,False,False,False,15435.44
a7365b0b340844d5ad35b4f0acc2c369,A00000005,C0000002,2024-01-28T10:52:32,-54.4,USD,Uber Eats,dining,5812,card_payment_online,online,,US,,UBER EATS,dining,delivery,False,False,False,False,15381.04
744fa596f1a94b9a91a3ec7be62e84f9,A00000005,C0000002,2024-01-28T22:04:51,-171.8,USD,Macy's,shopping,5651,card_payment_contactless,contactless,New York,US,,MACY'S,shopping,clothing,False,False,False,False,15209.24
e414b49d8afb4345a3ebef3dbbc9552c,A00000005,C0000002,2024-01-29T17:16:04,-52.39,USD,Local Diner,dining,5812,card_payment_contactless,contactless,New York,US,,LOCAL DINER,dining,restaurant,False,False,False,False,15156.85
